,Age,BMI,Glucose,Insulin,HOMA,Leptin,Adiponectin,Resistin,MCP.1,Classification
mean,57.30172413793103,27.582110827413796,97.79310344827586,10.012086206896551,2.694987564396551,26.61508017241379,10.180873965517241,14.725965862068962,534.647,1.5517241379310345
std,16.112765572452286,5.020135768568435,22.525161676350454,10.067767636994,3.6420431918896905,19.183294072269465,6.843341448787965,12.390645677659528,345.91266325599037,0.49947498672988194
min,24.0,18.37,60.0,2.432,0.467408667,4.311,1.65602,3.21,45.843,1.0
25%,45.0,22.973204995,85.75,4.359249999999999,0.91796629975,12.313674999999998,5.474282500000001,6.881762500000001,269.97825,1.0
50%,56.0,27.662416274999998,92.0,5.9245,1.3809386665,20.271,8.3526925,10.82774,471.3225,2.0
75%,71.0,31.24144235,102.0,11.189250000000001,2.8577874997499997,37.378299999999996,11.81597,17.755207499999997,700.085,2.0
max,89.0,38.57875854,201.0,58.46,25.05034187,90.28,38.04,82.1,1698.44,2.0
